global_rank,step,eval/aime24_mean_fitness,eval/amc_mean_fitness,eval/math_mean_fitness,eval/minerva_mean_fitness,eval/olympiad_bench_mean_fitness,training_time_s,run,composite_score
1,40,0.4375,0.734375,0.90625,0.4140625,0.515625,85056.68743991852,rebuttal-orz-math2_orz57k-Qwen3-4B-P4096-B16-S1-std-scale_lr-l4096-n4-lr0.0002-sigma0.001-r1-alpha1-seed0-gpus16--1774478238,0.6015625
2,20,0.5,0.703125,0.9296875,0.3828125,0.484375,50859.1207318306,rebuttal-orz-math2_orz57k-Qwen3-4B-P4096-B16-S1-std-scale_lr-l4096-n4-lr0.0002-sigma0.001-r1-alpha1-seed0-gpus16--1774478238,0.6
3,20,0.4140625,0.703125,0.9296875,0.453125,0.4921875,46286.973524808884,rebuttal-orz-math2_orz57k-Qwen3-4B-P16384-B16-S1-std-scale_lr-l4096-n4-lr0.0002-sigma0.001-r1-alpha1-seed0-gpus64--1774478814,0.5984375
4,30,0.4140625,0.7265625,0.9296875,0.4375,0.484375,64401.30683374405,rebuttal-orz-math2_orz57k-Qwen3-4B-P16384-B16-S1-std-scale_lr-l4096-n4-lr0.0002-sigma0.001-r1-alpha1-seed0-gpus64--1774478814,0.5984375
5,30,0.4609375,0.7265625,0.921875,0.421875,0.453125,79315.80009317398,rebuttal-deepscaler-math2_deepscaler40k-Qwen3-4B-P4096-B16-S1-std-scale_lr-l4096-n4-lr0.0002-sigma0.001-r1-alpha1-seed0-gpus16--1774478241,0.596875
